parameter,value_low,value_central,value_high,unit,confidence,source,notes
gc_thickness_cancer,100.0,200.0,500.0,nm,MODERATE,"Paszek 2014, Buffone 2013",MDA-MB-231 and other cancer lines
gc_thickness_nk,50.0,100.0,200.0,nm,LOW,Estimated from lymphocyte data,NK-92 specific measurement needed (Phase 1 Exp #1)
peg2000_flory_radius,6.5,7.1,7.7,nm,HIGH,Calculated: 0.76 * 45^0.588,"N=45 monomers, a=0.76nm, v=0.588"
peg2000_tethered_extension,10.0,12.0,15.0,nm,MODERATE,Kenworthy 1995; Wong 1997,"Mushroom regime, 1.5-2x R_F"
peg2000_max_extension,15.8,15.8,16.0,nm,HIGH,Calculated: 0.35nm/monomer * 45,Contour length with bond angle correction
peg5000_flory_radius,12.0,12.8,13.5,nm,HIGH,Calculated: 0.76 * 114^0.588,N=114 monomers
peg5000_tethered_extension,20.0,25.0,30.0,nm,MODERATE,Extrapolated from PEG2000,Mushroom regime
peg5000_max_extension,39.0,39.9,40.0,nm,HIGH,Calculated: 0.35nm/monomer * 114,Contour length
compression_factor,0.5,0.6,0.7,fraction,SUPERSEDED,MCK legacy assumption (SUPERSEDED),Retained for historical A1 sweep only; TL-43 confirmed no paper measures 30-50% compression under cell contact. Current physics uses Alexander-de Gennes force-dependent compression (TL-39 / notebooks/brush_compression.py); polydisperse extension in TL-47. Do not cite this row.
azide_height_above_membrane,10.0,30.0,50.0,nm,LOW,Estimated from glycoprotein chain lengths,On sialic acid residues; CRITICAL unknown
spaac_k2,0.31,0.5,0.96,M-1s-1,HIGH,"Agard 2004; Wang & Mooney 2020 Table 1 (range 0.31-0.96)",DBCO-azide; range tightened from Nat Chem review
iedda_k2,1000.0,5000.0,30000.0,M-1s-1,HIGH,"Blackman 2008, Taylor 2011",Tetrazine-TCO
azide_density_ac4manaz,1000000.0,5000000.0,10000000.0,per_cell,HIGH,"Wang 2017, Niu 2024, Wang & Mooney 2020 (10^8-10^9 range), Yang 2024","50 uM, 72h treatment; MGE gives 10^8-10^9 sites/cell vs 10^4-10^5 for natural receptors (Wang & Mooney 2020 p.1102)"
azide_density_dclaam,5000000.0,9000000.0,15000000.0,per_cell,HIGH,"Wang 2017 Supp Fig 8 reported labelling conditions; 9.0×10⁶ azides/cell derived by us","UPDATED 2026-05-12 TL-18 to 9.0×10^6 central, DERIVED from Supp Fig 8 reported labelling conditions: (7.5 ng/mL × 200 µL) / 100,000 cells × N_A / 983.78 g/mol = 9.0×10^6 azides/cell on LS174T at 200 µM DCL-AAM × 48h. SOFTENED 2026-06-12 (W9/meta-review): the calibration ARITHMETIC is ours; the caption confirms the experimental conditions but does NOT contain the arithmetic itself. Previous range 10^6-10^7 was approximate. Data: data/digitized/wang2017_supp8_azide_density.csv."
dclaam_selectivity_enzymatic_invitro,2.5,3.8,5.5,ratio,HIGH,"Wang 2017 Fig 3d + Supp 6b + Supp 5d — three independent panels, all converge","UPDATED 2026-05-12 TL-18: Pooled 4 cancer (LS174T, 4T1, MCF-7, HepG2) × 3 normal (MCF-10A, HBEC-5i, IMR-90) Wang DCL-AAM data = 3.82x ± 1.10 SD (range 2.27-5.76x). Combined with TL-17 Supp Fig 5d Naph-Lys (3.71x pooled), both assays agree on ~3.7-3.8x enzymatic-only selectivity. Sources: data/digitized/wang2017_fig3d_selectivity.csv, wang2017_supp6b_cancer_normal.csv, wang2017_suppfig5d_naphlys.csv. SCOPE CAVEAT (TL-33, independent review 2026-07-03): 3.8x is MEASURED on Wang's panel (4-5 common-carcinoma lines vs 3 LOW-enzyme normals: fibroblast IMR-90, brain endothelium HBEC-5i, breast epithelium MCF-10A). It is the selectivity for tumours over-expressing BOTH enzymes. The gate is a SOFT AND (TSA HDAC-inhibitor leaves ~43%, Z-FY-CHO CTSL-inhibitor leaves ~57% of cancer signal in Supp 5d - neither zeroes it), so single-enzyme-elevated tumours retain only ~1.5-2x (single-enzyme difference), not the multiplicative 3.8x. Normal off-target risk is UNTESTED for high-baseline tissues (heart/muscle/brain if a Class II HDAC processes Lock 1; kidney; activated immune cells). Confidence stays HIGH for the value on Wang's panel; the generalisation beyond that panel is the flagged uncertainty. See docs/MCK_Enzyme_AND_Gate_Analysis.md."
dclaam_selectivity_warburg_amplifier,1.0,3.0,10.0,fold,LOW,"Vander Heiden 2009 (Warburg effect); FDG-PET clinical literature (cancer glucose uptake 2-10x normal tissue)","Additional metabolic flux amplification in Warburg-high tumours (pancreatic, GBM, some TNBC) BEYOND the enzymatic baseline measured by Wang 2017 on standard cancer cell lines. ESTIMATED, not directly measured for DCL-AAM. Low confidence; ranges from 1x (Warburg-equivalent tumour) to 10x (Warburg-extreme glioblastoma). Multiplied with dclaam_selectivity_enzymatic_invitro to give total selectivity."
dclaam_selectivity_combined_estimate,2.5,11.0,50.0,ratio,LOW,"Product of dclaam_selectivity_enzymatic_invitro (Wang 2017 Fig 3d + Supp Fig 5d) × dclaam_selectivity_warburg_amplifier (Vander Heiden 2009)","UPDATED 2026-05-12 TL-17: central = 3.7 × 3.0 = 11.1x. Upper = 5.0 × 10.0 = 50x (Warburg-extreme). Lower = 2.5 × 1.0 = 2.5x (in vitro floor). NOTE: in vivo translation drops this further to ~1.5x (see dclaam_in_vivo_translation)."
nk92_baseline_killing_10to1,35.0,43.0,50.0,percent,HIGH,Niu 2024 Fig 3B (digitised),"MDA-MB-231, 4h, 10:1 E:T; plain NK-92 (NOT pM-NK)"
nk92_baseline_killing_5to1,18.0,23.0,28.0,percent,HIGH,Niu 2024 Fig 3B (digitised),"MDA-MB-231, 4h, 5:1 E:T; plain NK-92"
nk92_baseline_killing_1to1,5.0,8.0,12.0,percent,HIGH,Niu 2024 Fig 3B (digitised),"MDA-MB-231, 4h, 1:1 E:T; plain NK-92"
nk92_enhanced_killing_10to1,65.0,73.0,80.0,percent,HIGH,Niu 2024 Fig 3B (digitised),"MDA-MB-231, 4h, 10:1 E:T; pM-NK (click-enhanced)"
immune_synapse_area,1.0,3.0,5.0,um2,MODERATE,"Mace 2014, Orange 2008",
bond_threshold_conjugation,50.0,100.0,500.0,bonds,LOW,"Zhu 2008, Chesla 1998","For stable conjugation (INITIATION physics). Reinforcement count threshold (the ~5-bond figure) is conservative/loose physics with no primary citation; force-based threshold (see W2/M4 in THESIS_LOG TL-24, notebooks/M4_bell_force_threshold.py) shows N_threshold approx 1-2 for covalent triazole bonds. The 5-bond count is retained for historical comparison only."
bond_threshold_force_balance,2.0,4.0,15.0,bonds,MODERATE,"Bell 1978; Evans & Ritchie 1997; single-lipid-extraction ~50 pN; membrane-protein extraction 20-200 pN (M4 v2 full-chain, TL-39)","FULL-LINK-CHAIN force-balance threshold (M4 v2, B3 fix, TL-39). CORRECTED from the v1 N*=1-2 single-bond claim, which was a SINGLE-BOND result silently applied to the WHOLE SYNAPSE. The tether is a SERIES chain [tumour cytoskeleton - glycoprotein anchor - azide = TRIAZOLE = DBCO-PEG-DSPE - NK membrane]; it fails at the WEAKEST link. The triazole (4-5 nN) is the STRONGEST link and irrelevant to failure. The weakest link is a MEMBRANE-ANCHOR EXTRACTION event: DSPE lipid pull-out (~30-150 pN) or azido-glycoprotein extraction (~20-200 pN), the SAME order as the NK retraction force (10-100 pN). Corrected N* = ceil(safety x F_tension / F_weakest): ~2 (central tension, s=1) to ~15 (high tension 100 pN, s=3 redundancy), NOT 1. Redundancy (multiple parallel tethers) is therefore physically motivated to guard against anchor extraction. DEMOTED HIGH->MODERATE per ADVERSARIAL_AUDIT_v2 B3: cannot be HIGH while the DSPE/glycoprotein extraction forces are ESTIMATED. Source: notebooks/M4_bell_force_threshold.py (v2), results/M4_force_diagnostics_*.json."
lateral_diffusion_flux_form,NA,NA,NA,form,HIGH,"Berg 1983 (diffusion to a disk); boundary-layer scaling","Corrected functional form of the A2-Enhanced lateral DBCO replenishment flux (W2/M4 TL-24). OLD (dimensionally WRONG): J = D * (sigma_bulk - sigma_zone) * perimeter * alpha, units molecules*um/s. NEW (Form B, dimensionally correct): J = D * (Delta_sigma / delta_BL) * perimeter * alpha with delta_BL = r_contact, units molecules/s. The corrected form gives the SAME ~12.87 bonds at alpha=0.15 because the missing length factor was O(1) (r_contact approx 1.26 um) and the replenishment is diffusion-saturated (result insensitive to D over 100x and to delta_BL over 5x; Berg 2-D disk form k=2*pi*D/ln(b/r) gives 12.84). Implemented in notebooks/A2_enhanced_dynamics.py."
nk_serial_killing,4.0,5.0,7.0,kills,MODERATE,Bhat & Bhatt 2015,
tco_serum_halflife,4.0,8.0,12.0,hours,MODERATE,Rossin 2013,Isomerisation to CCO
steric_accessibility_factor,0.1,0.2,0.35,fraction,MODERATE,"Estimated; ligand-class anchors: PEG-DBCO 0.10-0.15 (Niu 2024), nanobody-DBCO 0.20-0.25 (Gong 2021), aptamer 0.28-0.35 (Zhang 2020)","Not all surface groups face contact zone; now ligand-class-discrete rather than flat prior. Includes geometric accessibility only — conjugation efficiency absorbed by functional_ligand_per_nk"
contact_area,1.0,3.0,5.0,um2,MODERATE,"Mace 2014, Orange 2008",
reactive_zone_thickness,10.0,30.0,50.0,nm,LOW,Estimated,PEG extension + azide height constrained by gap
dbco_density_per_nk,50000.0,100000.0,200000.0,per_cell,MODERATE,"DSPE-PEG-DBCO loading estimates; Gong 2021 (nanobody conjugation validates range)","Raw DBCO available on NK surface. Note: functional conjugated ligands are 10^2-10^3 lower — see functional_ligand_per_nk"
nk_surface_area,400.0,500.0,600.0,um2,MODERATE,Standard NK cell size,
cancer_cell_surface_area,800.0,1000.0,1200.0,um2,MODERATE,Typical adherent cancer cell,
k2_dbco_thiol,0.01,0.05,0.1,M-1s-1,MODERATE,"van Geel 2012, Dommerholt 2016",DBCO strain-promoted thiol-yne
thiol_conc_serum_free,1e-06,5e-06,1e-05,M,MODERATE,Secreted GSH estimates,In vitro serum-free culture
thiol_conc_full_serum,0.0003,0.0005,0.0007,M,HIGH,Standard clinical chemistry,Albumin Cys-34 + free GSH
azide_surface_halflife,4.0,8.0,12.0,hours,MODERATE,Tian & Bhatt 2016 review,Sialoglycoprotein endocytic recycling
synapse_maturation_tau,300.0,420.0,600.0,seconds,MODERATE,"Orange 2008, Mace 2014",NK synapse maturation time constant
contact_area_min,0.3,0.5,1.0,um2,MODERATE,Orange 2008,Initial scanning contact
contact_area_max,3.0,5.0,7.0,um2,MODERATE,Mace 2014,Mature NK immune synapse
lateral_diffusion_coeff,0.1,0.5,1.0,um2/s,MODERATE,Fujiwara 2002,Lipid-anchored molecules in cell membrane
bond_feedback_threshold,1.0,3.0,5.0,bonds,LOW,Estimated,Bonds needed to halve synapse maturation time
k_iso_tco_serum_free,8e-06,1.6e-05,2.4e-05,1/s,MODERATE,Rossin 2013,TCO thermal isomerisation t½=8-24h serum-free (37°C)
k_iso_tco_full_serum,1.6e-05,2.4e-05,4.8e-05,1/s,MODERATE,Rossin 2013,TCO isomerisation t½=4-12h in serum (ceruloplasmin-accelerated)
contact_freq_nk_mda,25.0,31.0,37.0,contacts/50cells,HIGH,Niu 2024 Fig 2C (digitised),"NK→MDA-MB-231, n=50 observed cells"
contact_freq_pmnk_mda,65.0,78.0,90.0,contacts/50cells,HIGH,Niu 2024 Fig 2C (digitised),pM-NK→MDA-MB-231; 2.5x increase over baseline
contact_freq_nk_hela,24.0,30.0,36.0,contacts/50cells,HIGH,Niu 2024 Fig 2C (digitised),NK→HeLa (control)
contact_freq_pmnk_hela,32.0,38.0,45.0,contacts/50cells,HIGH,Niu 2024 Fig 2C (digitised),pM-NK→HeLa; only 1.3x (selectivity!)
contact_duration_nk_mda,15.0,29.0,60.0,minutes,HIGH,Niu 2024 Fig 2D (paper + digitised),NK→MDA median; range from scatter distribution
contact_duration_pmnk_mda,30.0,56.0,120.0,minutes,HIGH,Niu 2024 Fig 2D (paper + digitised),pM-NK→MDA median ~56 min; VALIDATES reinforcement hypothesis
dclaam_labeling_time,12.0,24.0,48.0,hours,HIGH,Wang 2017 Fig 3f,Labeling essentially complete within 24h in vivo
dbco_per_antibody_molecule,8.0,10.5,13.0,copies,HIGH,Wang 2021 (ACS Chem Biol),At 0.5mM DBCO-PEG4-NHS; mass spectrometry
antibody_molecules_per_nk92,1000000.0,1400000.0,2000000.0,per_cell,HIGH,Wang 2021 (ACS Chem Biol),352 ng CET/million NK92 cells = 1.4e6 molecules
surface_cargo_halflife_nk92,18.0,24.0,36.0,hours,MODERATE,Wang 2021 (ACS Chem Biol),CET half-life on NK92 surface; membrane turnover
azide_density_nk92_ac4mannaz,100000000.0,500000000.0,1000000000.0,per_cell,MODERATE,Yang 2024 (Nano Lett),NK92 with Ac4ManNAZ; higher than tumor labeling due to direct application
nk_per_tumor_nanoadaptor,5.0,7.0,10.0,NK/tumor,MODERATE,"Yang 2024 Fig 2f,g",With HA-DBCO nanoadaptor; shows multivalent binding
nk92_enhanced_killing_5to1,40.0,48.0,55.0,percent,HIGH,Niu 2024 Fig 3B (digitised),"MDA-MB-231, 4h, 5:1 E:T; pM-NK"
nk92_enhanced_killing_1to1,20.0,27.0,33.0,percent,HIGH,Niu 2024 Fig 3B (digitised),"MDA-MB-231, 4h, 1:1 E:T; pM-NK"
functional_ligand_per_nk_nanobody,30.0,38.0,45.0,per_cell,MODERATE,"Gong 2021 (saturation at ~20 uM DBCO-7D12)","Functional nanobody-DBCO conjugated on NK surface; ~10^3 lower than raw DBCO count"
functional_ligand_per_nk_antibody,100.0,150.0,200.0,per_cell,LOW,"Estimated from Wang 2021 antibody loading efficiency","Functional antibody molecules conjugated via DBCO-SPAAC on NK"
functional_ligand_per_nk_aptamer,500.0,750.0,1000.0,per_cell,LOW,"Estimated from Zhang 2020 dual-aptamer loading","Flexible ssDNA aptamers; higher surface density than rigid protein ligands"
synergy_damping_eta,0.6,0.7,0.8,fraction,MODERATE,"Meng 2022 (targeting+IL-21), Zhang 2020 (dual aptamer)","Sub-multiplicative synergy factor for multi-modal MCK combinations; combined effect = individual_1 × individual_2 × eta"
ac4mannaz_toxicity_ceiling,50.0,50.0,50.0,uM,HIGH,"Gong 2021, Zhang 2020, Niu 2024 (consensus across papers)","Maximum safe Ac4ManAz concentration; 75 uM causes NK cell death. Cannot be increased for efficacy gains"
hill_coefficient_n,1.5,2.0,2.5,dimensionless,MODERATE,"Orange 2013 (n=2 analogy), Meng 2022 Fig 3a/b (n~1.5-2 independent anchor)","Two independent anchors: Orange NK synapse cooperativity + Meng E:T dose-response curve shape"
multivalent_contact_freq_boost,1.8,2.3,2.8,fold,HIGH,"Niu 2024 Fig 2C (paper text reports 2.3x; our digitised central is 2.5x)","pM-NK vs NK contact frequency on MDA-MB-231. CORRECTED 2026-05-12 (TL-11): previously miscited as Yang 2024 Fig 2 — Yang doesn't measure contact frequency in this way."
multivalent_contact_duration_boost,1.5,1.9,2.3,fold,HIGH,"Niu 2024 Fig 2D (56 min pM-NK / 29 min NK = 1.93x)","Contact duration ratio pM-NK / NK on MDA-MB-231. CORRECTED 2026-05-12 (TL-11): previously miscited as Yang 2024."
selectivity_targeting_only,1.5,1.9,2.5,ratio,MODERATE,"Zhang 2020 (HepG2/HeLa dual-aptamer)","Selectivity from targeting ligand alone (no DCL-AAM enzyme gating). Floor for MCK; DCL-AAM 30x is multiplicative on top"
meng_lysis_025to1,30.0,40.0,50.0,percent,MODERATE,Meng 2022 Fig 3a,"N3-NK-NPs+BCN-Raji, 24h, 0.25:1 E:T; independent Hill anchor"
meng_lysis_1to1,85.0,95.0,98.0,percent,MODERATE,Meng 2022 Fig 3a,"N3-NK-NPs+BCN-Raji, 24h, 1:1 E:T; note 24h assay vs Niu 4h"
yang_cytotoxicity_boost,1.5,1.54,1.6,fold,HIGH,"Yang 2024 Fig 2h","NK92-N3 + nanoadaptor on A549 (81.9%) vs native NK92 (53.2%) at NK:A549=3:1. Yang's actual measured click-mediated enhancement; replaces miscitation of contact frequency/duration boosts (TL-11)."
dclaam_in_vivo_translation,1.4,1.5,1.55,fold,HIGH,"Wang 2017 Fig 4b/c (1.52x Cy5 retention), Fig 5b (1.46x DBCO-VC-Dox accumulation)","IN VIVO cancer/PBS ratio is dramatically smaller than IN VITRO ratio in Fig 3d (the source of our 30x). Anchors the translation-gap caveat (TL-12). MCK 30x in vitro selectivity is expected to translate to ~1.5x in vivo drug accumulation"
pm_nk_huvec_lysis_baseline,1.3,1.8,2.4,percent,HIGH,"Niu 2024 Supp Fig S12","Lysis of normal HUVECs by pM-NK at 10:1 E:T, n=3. Indistinguishable from plain NK (1.81%), proving pM-NK targeting is selective for cancer. Added TL-18 2026-05-12."
pm_nk_system_functional_selectivity,30,40,50,ratio,HIGH,"Niu 2024 Fig 3B + Supp S12","SYSTEM-LEVEL FUNCTIONAL SELECTIVITY (NK-intrinsic × click-attributable), NOT a pure MCK-intervention number. pM-NK lysis of MDA-MB-231 (72.5%, Fig 3B) / pM-NK lysis of HUVEC (1.83%, Supp S12) = 39.6x. REFRAMED 2026-06-11 TL-22 (W1 fix): this decomposes into NK-intrinsic tropism 23.86x (nk_intrinsic_selectivity_mda_huvec) × click-attributable 1.66x (click_attributable_selectivity_huvec_control). The ~24x is NK biology measured before any click chemistry and must NOT be attributed to MCK. Lead the thesis with the click-attributable 1.4-1.7x; quote this 40x only as combined system-level functional selectivity with the decomposition shown. Caveat: HUVEC is endothelial; MDA is breast epithelial. Added TL-18; reframed TL-22."
nk_intrinsic_selectivity_mda_huvec,20,23.86,28,ratio,HIGH,"Niu 2024 Fig 3B (calib) + Supp S12","Plain (unmodified) NK-92 lysis of MDA-MB-231 (43.19%, 10:1 E:T) / plain NK lysis of HUVEC (1.81%, Supp S12) = 23.86x. INTRINSIC NK TROPISM, measured with NO click chemistry — this is a property of NK biology (MDA is NK-sensitive: low MHC-I, stress ligands; HUVEC is a self-tolerant normal cell), NOT of the MCK intervention. Added TL-22 2026-06-11 (W1 decomposition). Source corrected Fig 3D->3B per W8 (2026-06-12): Fig 3B is the LDH E:T-ratio panel."
click_attributable_selectivity_huvec_control,1.4,1.66,1.9,ratio,HIGH,"Niu 2024 Fig 3B + Supp S12","CLICK-ATTRIBUTABLE selectivity via HUVEC control: system functional selectivity (39.61x) / NK-intrinsic selectivity (23.86x) = 1.66x. The selectivity gain the MCK click intervention adds on top of NK's intrinsic tumour tropism. Added TL-22 2026-06-11 (W1 decomposition). Source corrected Fig 3D->3B per W8 (2026-06-12)."
click_attributable_selectivity_hela_control,1.2,1.44,1.7,ratio,HIGH,"Niu 2024 Fig 3B (internal MDA-vs-HeLa control)","CLICK-TARGETING selectivity via internal MDA-vs-HeLa control (PREFERRED click-attributable number — controls out NK-ligand/MHC-I confounders because HeLa is ALSO NK-sensitive). Click enhances MDA killing 1.678x (pM-NK 72.49 / NK 43.19) but HeLa only 1.166x (pM-NK 48.84 / NK 41.90); ratio = 1.44x. Cleaner than the HUVEC control (which is confounded by tissue-of-origin and ligand differences). Added TL-22 2026-06-11 (W1 decomposition / M1). Source corrected Fig 3D->3B per W8 (2026-06-12)."
pm_glycopolymer_optimal_concentration,1.0,1.5,2.0,mg/mL,HIGH,"Niu 2024 Supp Fig S11","Killing efficacy plateaus between 1.5 and 2.0 mg/mL glycopolymer (n.s. difference). Optimal therapeutic dose = 1.5 mg/mL (max efficacy, min reagent). 0.1 mg/mL gives 47% lysis; 1.5 mg/mL gives 71%. Saturation kinetics. Added TL-18."
mda_pmnk_intra_system_enhancement,7.0,7.85,8.5,ratio,HIGH,"Niu 2024 Supp Table S3","PI fluorescence in MDA-MB-231: pM-NK (73.108) / NK (9.315) = 7.85x intra-system enhancement. INTRA-system metric (same target, different effectors) — quantitative proxy for the click-arming benefit. Added TL-18."
tpnk_hela_vs_hepg2_selectivity,1.5,1.83,2.5,ratio,HIGH,"Zhang 2020 main Fig 2b + Supp S8","T-P-NK lysis of HepG2 (65%, main Fig 2b) / T-P-NK lysis of HeLa (35.5%, Supp S8) = 1.83x. Target-vs-bystander selectivity (both lines are cancer; HeLa is the non-targeted cancer). Independent confirmation of Zhangs reported 1.9x selectivity. Added TL-18."
gong_egfr_negative_sw620_control,0.9,1.0,1.1,ratio,HIGH,"Gong 2021 Supp Fig S7","Cytotoxicity of 7D12-NK92MI on EGFR-negative SW620 = 1.0x (n.s. vs unarmed NK92MI). Selectivity control: arming gives NO enhancement on EGFR-negative cells. Direct evidence that the click-system is target-antigen-dependent. Added TL-18."
wang_dclaam_in_tumour_coverage,60,66,72,percent,HIGH,"Wang 2017 Supp Fig 9c","% of tumour tissue with Cy5 intensity >= 50 a.u. after i.v. DCL-AAM + DBCO-Cy5. DCL-AAM achieves 66.1% in-tumour coverage; Ac4ManAz only 20.6%. DCL-AAM is 3.2x more concentrated in tumour despite Ac4ManAz being non-selective — because DCL-AAM doesnt label off-target tissues. Added TL-18."
k_incorp_a0_surface,2.32e5,3.03e5,3.99e5,molecules/cell/(M·s),HIGH,"Wang 2017 Fig 3f (2-param fit); bootstrap 95% CI [2.32e5, 3.99e5] (W3/TL-23)","Rate constant for active drug → surface azidoglycoprotein incorporation. Fit jointly with k_clear_active to Wang 2017 Fig 3f time-course (4 concentrations × 7 timepoints on LS174T cells). Added TL-21. W3/TL-23 2026-06-11: nonparametric bootstrap (N=200) gives a point-identified 95% CI [2.32e5, 3.99e5] (CI-width/median=0.55) — this parameter IS identifiable (unlike k_clear_active). Value/range tightened to the bootstrap CI. CAVEAT: the time-course fit validates monotonic saturating accumulation, NOT the dual-lock mechanism specifically — a structureless saturating-exponential null fits Fig 3f BETTER (null beats A0 at delta-AIC approx 20, both log- and linear-space; W3 diagnostics). The AND-gate mechanism's support comes from Wang's enzyme-inhibitor controls (Supp 5d), not from this curve fit."
k_clear_active_fit,1e-8,1e-8,1e-3,1/s,LOW,"Wang 2017 Fig 3f (2-param fit) — BOUNDED ABOVE, not point-identified (W3/TL-23)","NON-IDENTIFIABLE; data constrain only k_clear_active < ~3e-7/s (an UPPER bound, not a point estimate). The optimiser pinned to the lower search bound (1e-8/s); the 1-D SSR profile is flat over ~0.8 decades and the value is unidentified below ~3e-7/s (W3 diagnostics, results/W3_A0_diagnostics_20260611_184401.json). DEMOTED HIGH->LOW (TL-23 2026-06-11): the previous HIGH-confidence FITTED label was misleading because a boundary solution means the data say only 'negligible', not a value. Morris sensitivity ranks this parameter #2 of 11 (mu_star_total=76.9) for cancer-vs-normal selectivity — a parameter the data DON'T constrain but the model IS highly sensitive to: classic non-identifiable-but-influential. Report as bounded, never as a point value. Supersedes TL-21 HIGH-confidence labelling."
k_surf_azidoglycoprotein,1.4e-5,2.4e-5,3.5e-5,1/s,MODERATE,"Tian & Bhatt 2016 (sialoglycoprotein endocytic recycling)","Surface azido-glycoprotein turnover rate (corresponds to 8h half-life, range 5.5-14h). This is the bottleneck for surface azide persistence — sets the in-vivo therapeutic window for click reactions after metabolic labelling. Used in A0 surface-incorporation extension (TL-19/21) and A2-Enhanced cargo decay."
joint_viability_fraction,0.0082,0.0106,0.0122,fraction,SUPERSEDED-FOR-NAÏVE-TIER,"N=20000 LHS full-cascade sweep with click_attributable_selectivity in [1.0, 2.5] (W5/W6 TL-25); range from Hill n=1.5/2.0/2.5","P(steric feasible AND TI>3), the JOINT viability — the central headline statistic that was previously buried behind the TI-only marginal. Computed by intersecting boolean masks (margin>0) & (TI>3) in the LHS array: 1.06% at Hill n=2.0 (results/sweep_full_20260611_200019_alpha0.15_PEG.json joint_steric_and_TI3=0.0106), 0.82% at n=1.5, 1.22% at n=2.5 (results/sweep_hill_full_20260611_200304.json). The joint is steric-bottlenecked: the 2.87% steric-feasible marginal is the binding constraint, not the 35.8% TI>3 marginal. This is the volume of an honestly-anchored parameter space, NOT a probability MCK works. The marginal TI>3 (35.8%) rose from the stale 29.6% only because the W1 prior was re-centred (selectivity_mult (0.1,3.0) -> click_attributable_selectivity (1.0,2.5)); the joint is dominated by steric reach. Added TL-25 2026-06-11 (W5/W6). Applies to pre-TL-39 static-compression sweep only. Current naïve joint viability = 0.00% (TL-39/50); three-tier framing: single-lever mucinase 0.62% (TL-52), stacked mucinase × rigid_stalk 8.01% (TL-54)."
ti_median_headline,1.36,2.44,9.53,ratio,SUPERSEDED-FOR-NAÏVE-TIER,"N=20000 LHS full-cascade sweep with click_attributable_selectivity in [1.0, 2.5] (W5/W6 TL-25); value_low=p5, central=median, value_high=p95","Swept therapeutic-index distribution at the corrected W1 prior (Hill n=2.0): median 2.44, p5 1.36, p95 9.53, marginal frac TI>3 = 35.8%. SUPERSEDES the stale (median 2.16, p95 8.70, 29.6% TI>3) computed against the OLD selectivity_mult (0.1,3.0) prior. The swept distribution is conditioned on the priors; at FIXED Niu-anchored click-attributable selectivity on the central trajectory, TI = 2.54 (1.44x), 2.72 (1.66x), 2.74 (1.70x) — all below 3, so the swept frac>3 is driven by favourable-P_base (NK-resistant-target) combinations, not by click selectivity at its measured value (W6, results/W6_fixed_selectivity_TI_20260611_194439.json). Added TL-25 2026-06-11. Applies to pre-TL-39 static-compression sweep only. Current naïve joint viability = 0.00% (TL-39/50); three-tier framing: single-lever mucinase 0.62% (TL-52), stacked mucinase × rigid_stalk 8.01% (TL-54)."
dbco_thiol_halflife_hrs,3.9,7.7,38.5,hours,HIGH,"Agard 2009 + Hong 2010 + A2-Enhanced k_thiol_FS (k2_dbco_thiol 0.05 M-1s-1 x serum thiol)","DBCO functional half-life from the serum-thiol side reaction (strain-promoted thiol-yne; van Geel 2012, Dommerholt 2016). t1/2 = ln(2)/(k2_thiol x [thiol]): 7.7h at central 500 uM serum thiol, 3.9h at 1000 uM, 38.5h at 100 uM. Identical kinetics to A2_enhanced_dynamics.py k_thiol_FS. This is the DOMINANT DBCO sink during NK circulation (M2/M3 budget, TL-26): it consumes ~66% of DBCO over a 12h circulation, vs ~0.5% for the shed-azide decoy. Source: notebooks/M3_serum_thiol_budget.py."
nk_circulation_to_tumour_hrs,4.0,12.0,24.0,hours,MODERATE,"NK-cell biodistribution literature (Meier 2008 In111-NK imaging; Matera 2014; Melder 1993 NK tumour homing)","Time from IV NK injection to tumour contact-zone arrival. NK cells distribute to lung within minutes then redistribute over hours; tumour accumulation peaks ~4-24h post-IV (mouse biodistribution, route-dependent). Central 12h, optimistic 4h, pessimistic 24h. Sets the exposure window over which the thiol/decoy sinks consume DBCO before contact (M2/M3 budget, TL-26). Source: notebooks/M3_serum_thiol_budget.py, M2_M3_combined_DBCO_budget.py."
dbco_surviving_fraction_central_12h,0.0132,0.338,0.831,fraction,HIGH,"M2/M3 combined parallel-sink budget (TL-26): thiol (k2=0.05) + decoy (k_SPAAC x shed-azide), 500 uM thiol central","Fraction of the 1e5 DBCO/NK still armed at the tumour contact zone after circulation. value_central=0.338 (12h, 500 uM thiol, central decoy) = 3.4e4 surviving DBCO -> ~51 in the contact zone (alpha*A_c/SA), >> force-balance threshold 1-2 (M4). value_low=0.0132 (pessimistic 24h/1000 uM = 1.3e3 surviving, still VIABLE), value_high=0.831 (optimistic 4h/250 uM). Even the pessimistic corner clears the force-balance threshold. Decoy is negligible; thiol dominates. iEDDA survives ~90% at 12h (no decoy partner, 10x-stabler reagent). Source: notebooks/M2_M3_combined_DBCO_budget.py."
dbco_decoy_consumption_per_hr,0.0001,0.005,0.01,fraction_per_12h,MODERATE,"M2 shed-azide decoy budget (TL-26): k_SPAAC=0.5 x interstitial azide ~2.9 uM (9e6/cell x ln2/8h, 1e9-cell tumour, 0.45 ISF fraction, 1/h clearance)","DBCO loss to the shed-azide decoy sink. Local tumour-interstitial shed azide reaches ~2.9 uM at steady state, but at k_SPAAC=0.5 M-1s-1 this consumes only ~0.5% of DBCO over a 12h circulation (+1h final approach); systemic shed azide (~65 pM) is utterly negligible. The slow SPAAC rate that limits synapse bond formation ALSO limits decoy consumption, so the decoy sink is NOT a hidden showstopper. This DE-RISKS limitation L5. Dominant DBCO sink is thiol (66% at 12h), not decoy. Source: notebooks/M2_decoy_azide_budget.py."
abm_engage_boost_mck_pure_primary,1.0,1.0,1.0,ratio,HIGH,"W4/TL-14/TL-29 — MCK-pure PRIMARY scenario (no click-induced contact-frequency boost)","engage_boost=1.0 is the MCK-pure PRIMARY ABM scenario. HIGH confidence as the primary choice because the literature gap is explicit: Niu 2024's pM-NK 2.5x contact-frequency boost arises from polymannose-mannose-receptor binding (ms-s receptor kinetics), NOT MCK's click-at-contact mechanism (min-scale covalent SPAAC). Per guardrail W4, MCK-pure (1.0) is primary; Niu-anchored (2.5) is the avidity-rescue UPPER-BOUND sensitivity. run_abm() defaults to 1.0. Result: abm_calibration_mck_pure_20260611_220259.json."
abm_R2_niu_calibration_mck_pure,NA,0.18,NA,dimensionless,MODERATE,"TL-29 — ABM rerun at engage_boost=1.0 vs Niu 2024 Fig 3B (n_tumour=120, density-invariant regime)","R2 of the MCK-pure (engage_boost=1.0) ABM against the 6-point Niu Fig 3B lysis dataset = 0.18 (all 6 points). DECOMPOSED: NK-arm R2=0.96 (baseline killing reproduced well, unchanged from anchored), pMNK-arm R2=-0.97 (the click bonus ALONE cannot reproduce Niu's pM-NK enhancement without the 2.5x contact-frequency boost). This is the HONEST result: MCK's covalent click-at-contact mechanism predicts LESS dramatic enhancement than Niu's mannose-receptor avidity. The drop 0.91->0.18 is large and EXPECTED — it confirms the headline 0.91 was carried by Niu's non-MCK mechanism. Source: notebooks (extracted from ABM_fast.py engine), results/abm_calibration_mck_pure_20260611_220259.json. Confirm at n=200/10-rep on local hardware."
abm_R2_niu_calibration_anchored_upper,NA,0.91,NA,dimensionless,HIGH,"Niu 2024 Fig 3B; engage_boost=2.5 UPPER-BOUND reference (data/abm_calibrated_params.csv r_squared=0.9059)","R2 of the Niu-anchored UPPER-BOUND ABM (engage_boost=2.5) against the 6-point Niu Fig 3B dataset = 0.91. This is the avidity-rescue analog (reproduces Niu's pM-NK lysis) and is the UPPER BOUND on what click-at-contact could achieve IF it matched receptor-binding avidity — NOT the MCK-pure primary number (see abm_R2_niu_calibration_mck_pure = 0.18). Retained as the Niu reference per TL-29."
anti_peg_titre_typical_uM,0.007,0.05,0.34,uM,ESTIMATED,"Garay 2012-like (22-25% healthy donors have detectable anti-PEG IgG); anti-PEG fraction 0.01-0.5% of total serum IgG (~67 uM total)","ESTIMATED typical pre-immunised anti-PEG IgG titre. 0.01-0.5% of total serum IgG (67 uM) => 0.007-0.34 uM; central ~0.05 uM. Back-of-envelope only (TL-30, docs/Anti_PEG_Discussion_Paragraph.md); not a measured MCK-specific value. [TODO Sa: confirm Garay 2012 prevalence + titre fraction from primary source]."
anti_peg_KD_nM,10,50,100,nM,ESTIMATED,"Literature anti-PEG IgG affinity ~10-100 nM (variable across donors/assays)","ESTIMATED equilibrium dissociation constant of anti-PEG IgG for surface PEG. Used in the equilibrium-binding back-of-envelope (TL-30). Wide range reflects donor and assay variability. [TODO Sa: cite a primary anti-PEG KD measurement]."
igg_opsonization_threshold_per_cell,100,500,1000,IgG_per_cell,ESTIMATED,"Fc-mediated clearance literature: ~100-1000 surface-bound IgG per cell to trigger phagocytosis/complement","ESTIMATED number of surface-bound IgG molecules per cell needed to trigger Fc-mediated clearance (ADCP / complement) of an opsonised NK cell. Central 500/cell. Used as the clearance threshold in the anti-PEG back-of-envelope (TL-30). [TODO Sa: cite an opsonisation-threshold primary source]."
anti_peg_safe_titre_calculation_uM,0.00005,0.00025,0.00051,uM,ESTIMATED,"Computed (TL-30): [IgG]_safe = KD x thresh/(PEG_per_NK - thresh), KD=50 nM, thresh=500/cell, PEG=1e5/NK","COMPUTED safe anti-PEG titre upper bound = the titre at which the 500-IgG/cell opsonisation threshold is crossed = ~0.25 nM (0.00025 uM) at central params (range 0.05-0.51 nM for thresh 100-1000/cell). CRITICAL FINDING: this serum_ca125_oc_patient_range_UpermL,23.1,1000,7177.6,U/mL,MEASURED,"Liu 2016 p.7 (anti-MUC16 ADC trial, n=29 OC patients baseline range)","Serum CA125 baseline range in ovarian cancer patients. Central 1000 is a high-burden illustrative point, NOT a measured median. Cutoff for 'elevated' = 35 U/mL. TL-42."
serum_ca125_median_by_ascites_UpermL,14.7,34.4,88.6,U/mL,MEASURED,"Ueda 2024 p.4 (gastric peritoneal metastasis; no/mild/mod-severe ascites medians)","Median serum CA125 by ascites burden. Demonstrates CA125 tracks peritoneal/mesothelial contribution, not tumour cell mass alone. TL-42."
muc16_ca125_molecular_weight_Da,3000000,4000000,5000000,Da,REPORTED,"Zhang 2021 p.4 (molecular cloning; N-term 12068 aa, ~60 tandem repeats)","MW of shed MUC16/CA125. Circulating fragment (shed ectodomain) is <= this. Relevant to shed-mucin DBCO decoy sink (L17). TL-42."
ca125_kelim_cutoff_perday,0.07,0.07,0.07,per_day,MODEL-DERIVED,"you 2020 p.4627 (CHIVA Phase II; Youden-optimal KELIM cutoff)","CA125 elimination rate constant (KELIM) Youden cutoff. Implied t1/2 ~9.9 d IF simple first-order decay, but KELIM is a chemosensitivity surrogate not a physiological half-life. Serum CA125 half-life in DAYS is NOT stated in any of the 5 PK papers [TODO Sa cite van der Burg 1988]. TL-42."
muc4_projection_height_nm,1500,2000,2000,nm,REPORTED,"Gautam 2017 p.4 (MUC4 extends up to 2.0 um from cell surface)","MUC4 glycocalyx projection height - the TALLEST membrane mucin. May exceed MCK Tier-C reach x mucinase envelope (L19). PDAC-associated. TL-42."
muc1_projection_height_nm,100,300,500,nm,REPORTED,"Qian 2026 p.2-3 (MUC1-N extends >100 nm; brush 200-500 nm; 20-125 tandem repeats)","MUC1 glycocalyx projection. Uniform PTS tandem-repeat backbone = clean StcE substrate (best-anchored MCK adjunct target). MUC1-N sheds at SEA/GSVVV motif (sMUC1 decoy risk). TL-42."
muc4_egf_her2_kd_nM,20,20,242,nM,MEASURED,"Stoup 2021 Fig 2B/3G (MST: EGF1+2 Kd 20 nM; EGF1 75 nM; EGF2 242 nM)","MUC4beta EGF-like domains bind HER2. Folded disulfide-bonded domains (NOT mucin O-glyco backbone) => StcE-resistant; StcE cleaves only the MUC4alpha PTS/VNTR subunit. TL-42."
neoantigen_predicted_to_presented_fraction,0.0001,0.0005,0.001,fraction,ESTIMATED,"Bassani-Sternberg 2016 (11 MS-presented neoantigens across 5 patients from >15000 mutations/tumour each; best predicted rank 18-55, none top-10)","MS-detected surface-presented fraction of mutation-derived neoantigen candidates: <0.1% (order of magnitude, derived by us from paper's 11 numerator / >15000 denominator). FAR below the community '~10%'. Strengthens MCK antigen-discovery empirical-readout pitch. TL-42."
circrna_immunopeptidome_fraction,0.001,0.006,0.011,fraction,MEASURED,"Ferreira 2024 (122 circRNA vs 17770 protein-coding peptides T1185B = 0.68%; 54 unique BSJ peptides total)","circRNA-derived peptides as fraction of identified immunopeptidome: <1% by count. Broadens antigen NOVELTY/tumour-specificity, not volume. TL-42."
glycocalyx_polydispersity_D,1.05,1.4,2.0,dimensionless,ESTIMATED,"Smook 2025 (J Chem Phys 163:094901) Schulz-Zimm dispersity D=Mw/Mn; MUC1 TR 20-125+ alleles, hyaluronan 5kDa-5MDa","Dispersity range used for picbad polydisperse brush stress-test of A1. D=1.0(mono) unreachable in picbad (1/(D-1) overflow) -> D=1.05 baseline; D=1.4 realistic; D>~2.2 hits N_MAX=1000 grid ceiling. TL-47."
glycocalyx_mucin_Mn_tandem_repeats,20,54,125,tandem_repeats,ESTIMATED,"MUC1 germline VNTR allele range 20-125+ TRs; 54 TRs implied by a 109 nm GC at ~2 nm/TR (INTERPRETATION, not a picbad input)","Number-average mucin tandem-repeat count implied by GC thickness. Reported as interpretation only; picbad Mn renormalised to 100 via a_eff mapping (grid truncates >1000). TL-47."
glycocalyx_polydisperse_compression_at_NK_force_fraction,0.005,0.020,0.026,fraction,MODEL-PREDICTED,"picbad/Smook 2025 Schulz-Zimm D=1.4, calibrated to Agent C ADG ~1% @50pN (TL-39); h0=109nm A=3um^2 F=10-100pN","Polydisperse GC compression at NK synapse forces: ~2x the monodisperse ADG value but still small (0.5-2.6%). Does NOT move steric top-line (naive 0.00%, StcE 1.10->1.25%). TL-47."
glycocalyx thickness across the full glycoengineered cell panel = -0.91. Glycocalyx thickness alone explains ~83% of the variance in NK-92 cytotoxicity (r^2 = 0.83). THIS IS A SCIENTIFIC CORE POINT: it independently validates the A1 steric premise (thicker GC = less killing) with a near-perfect measured inverse correlation. NOT an MCK number - it is Park's measurement that our steric model must reconcile with. Range is nominal (point estimate -0.91; +/-0.04 pending CI). Added TL-36 2026-07-03."
stce_mucinase_conjugation_kd_nM,1.5,3.26,6.0,nM,HIGH,"Park 2024 Nat Mater Fig 5c (StcE-EE leucine-zipper coupling to Zip-NK-92)","MEASURED effective dissociation constant for StcE-EE mucinase coupling to the leucine-zipper-displaying Zip-NK-92 surface = ~3.26 nM. Nanomolar affinity, no significant effect on NK viability. This is the DIRECT PRECEDENT for the MCK mucinase co-conjugate: Park achieves it via a genetically-expressed leucine zipper (RR/EE pair); MCK would achieve equivalent surface display via ONE click conjugation on the existing DSPE-PEG-DBCO anchor (no second genetic construct). The Kd anchors the ESTIMATED-FEASIBILITY of the MCK version. Range is nominal pending CI. Added TL-36 2026-07-03."
chondroitinase_optimum_concentration_U_per_mL,6.25e-5,6.25e-5,6.25e-4,U/mL,MODERATE,"Kanyo 2020 Sci Rep Fig 5 (RWG biosensor adhesion kinetics, HeLa)","MEASURED optimum ChrABC (chondroitinase ABC) concentration for MAXIMISING HeLa adhesion: 6.25e-5 to 1.25e-4 U/mL INCREASES adhesion strength and rate; ABOVE 6.25e-4 U/mL DECREASES both. This is Kanyo's biphasic (non-monotonic) glycocalyx-digestion optimum. IMPLICATION for MCK: enzymatic glycocalyx editing has a therapeutic window - over-digestion is counterproductive (may remove adhesion ligands / activate apoptosis), so a co-conjugated mucinase must be DOSE-TUNED, not maximised. value_central is the demonstrated optimum-adhesion dose; value_high marks the crossover to net-decrease. MODERATE because measured on HeLa (thin-GC) adhesion, not on MCK's NK-tumour synapse. Added TL-36 2026-07-03."
glycocalyx_brush_grafting_spacing_nm,5.0,10.0,20.0,nm,ESTIMATED,"Mitchell & King 2014 (~20 nm endothelial GC component spacing); dense mucin brush ~5 nm (mucin backbone spacing estimates)","ESTIMATED mean grafting distance s = sigma^(-1/2) of the cancer glycocalyx brush, used in the Alexander-de Gennes force-compression law (notebooks/brush_compression.py, TL-39). sigma = 1/s^2 => 0.0025-0.04 chains/nm^2. Denser (smaller s) brush resists compression more strongly. NOT measured for MCK target cells; swept 5-20 nm as the dominant uncertainty in the force-compression arm. Added TL-39 2026-07-03."
nk_synapse_retraction_force_pN,10.0,50.0,100.0,pN,MODERATE,"Basu 2016; Friedman 2021; Husson 2011 (cytotoxic-lymphocyte synapse forces tens-to-low-hundreds of pN)","Applied retraction force at the NK-tumour synapse, driving both glycocalyx compression (Alexander-de Gennes, TL-39) and the tether force-balance (M4 v2). MEASURED-class range for cytotoxic-lymphocyte synapses. KEY CONSEQUENCE (TL-39): at this force a dense glycocalyx brush compresses only ~0.5-2% (nN forces would be needed for 30-50% compression), so mechanical compression does NOT rescue steric reach. Added TL-39 2026-07-03."
glycocalyx_adg_compression_at_NK_force_fraction,0.005,0.02,0.10,fraction,ESTIMATED,"Alexander 1977; de Gennes 1987 brush theory; computed in notebooks/brush_compression.py (TL-39)","MODEL-COMPUTED glycocalyx compression fraction c=(h0-h)/h0 at physiological NK force (10-100 pN) over a 1-5 um^2 contact, from the Alexander-de Gennes disjoining-pressure law. central ~2% for a dense (s=10 nm) 109 nm brush; up to ~10% for sparse (s=20 nm) brushes at 100 pN. CONTRAST: the OLD static A1 model sampled compression 30-70% (compression_factor row), a mechanical gift the physics does not support at NK forces. This near-zero compression is why naive-MCK steric feasibility collapses from 2.84% (old) to ~0% (force-compressed), making the mucinase adjunct the only lever. ESTIMATED (depends on ESTIMATED grafting spacing). Added TL-39 2026-07-03."
dspe_lipid_anchor_extraction_force_pN,30.0,80.0,150.0,pN,ESTIMATED,"Single-lipid-extraction AFM ~50+/-5 pN (phospholipid/cholesterol SLX); DSPE di-C18 saturated -> upper band","ESTIMATED force to extract the DSPE lipid anchor of DSPE-PEG-DBCO out of the NK membrane. Anchored to single-lipid-extraction (SLX) AFM measuring ~50 pN for phospholipid/cholesterol; DSPE (di-stearoyl, saturated C18) anchors harder so 30-150 pN, central ~80 pN. This is a candidate WEAKEST LINK in the tether chain (M4 v2, B3): it is the SAME ORDER as the NK retraction force (10-100 pN), so a single DSPE-anchored tether can be pulled out. Drives N* > 1 (redundancy). NOT measured for DSPE specifically. Added TL-39 2026-07-03."
tumour_glycoprotein_extraction_force_pN,20.0,80.0,200.0,pN,ESTIMATED,"Membrane-protein extraction/unfolding AFM 20-200 pN (GlpG ~25 pN bicelles; spectrin tens pN; strong domains hundreds pN)","ESTIMATED force to extract/unfold the azido-glycoprotein anchor from the tumour surface (or its cytoskeletal tether). Anchored to membrane-protein force-spectroscopy: GlpG unfolds ~25 pN, spectrin tens of pN, titin I27/GB1 hundreds of pN. The MCK azido-glycoprotein sits in this 20-200 pN band. Candidate WEAKEST LINK (M4 v2, B3), comparable to NK retraction force. NOT measured for the specific MCK glycoprotein. Added TL-39 2026-07-03."
triazole_covalent_rupture_force_nN,4.0,4.5,5.0,nN,HIGH,"Grandbois 1999 (Si-C/C-C ~2 nN); Beyer & Clausen-Schaumann 2005 (covalent rupture 1-several nN); aromatic heterocycle upper end","MEASURED-class rupture force of the SPAAC/iEDDA triazole COVALENT bond. This is the STRONGEST link in the tether chain and is ~40-450x above the NK retraction force. CORRECTED FRAMING (M4 v2, B3, TL-39): the triazole's strength is REAL but IRRELEVANT to synapse failure, because a series chain fails at its WEAKEST link (DSPE/glycoprotein extraction, ~30-200 pN), not at the covalent bond. Do not quote this as the synapse-stability threshold. Added TL-39 2026-07-03 (was implicit in bond_threshold_force_balance)."
mucinase_adjunct_gc_reduction_fraction,0.40,0.50,0.60,fraction,HIGH,"Park 2024 Nat Mater Fig 2d/4g (StcE: ZR-75-1 109->61 nm = 0.56 retained; SKOV3 120->60 nm = 0.50 retained)","MEASURED retained-fraction h_treated/h_naive of cancer glycocalyx after StcE mucinase (Park 2024). ZR-75-1 retains 61/109=0.56; SKOV3 retains 60/120=0.50. Modelled as the tumour-GC multiplier in the mucinase-adjunct sweep scenario (notebooks/sweep_hill_full_forcecomp.py, TL-39), sampled uniform 0.40-0.60 (40-60% reduction). This is the lever that creates ANY steric feasibility once force-compression is modelled honestly: naive steric 0% -> mucinase steric 1.1% (N=2000 sweep, force-compressed ADG). MEASURED for StcE as a genetic-zipper conjugate; the click-conjugate MCK version is ESTIMATED-FEASIBILITY. Added TL-39 2026-07-03."
stce_cell_surface_active_conc_nM,0.05,50.0,500.0,nM,HIGH,"Chongsaritsinsuk 2023 Nat Commun Fig 1D/E; Shurer 2019 Cell (50 nM/2h de-mucination); Pedram 2023 (10 nM viability effect)","MEASURED StcE/SmE cell-surface mucinase working concentration. Chongsaritsinsuk 2023 treats HeLa at 0.05-500 nM (dose-titration of surface mucin clearance); Shurer 2019 de-mucinates at 50 nM StcE / 2h; Pedram 2023 sees anchorage-free viability loss at 10 nM StcE over 72h. Nanomolar working range = compatible with a co-conjugated-on-NK local concentration. StcE motif T/S*-X-T/S (glycosylated); SmE is complementary (cleaves complex-glycan sites StcE misses). Anchors the mucinase-adjunct kinetic feasibility (TL-40). Added TL-40 2026-07-04."
mucinase_toxicity_nanomolar,NA,NA,NA,qualitative,HIGH,"Chongsaritsinsuk 2023 (SmE/StcE non-toxic to cells); Pedram 2023 (low toxicity at nM doses)","MEASURED: StcE and SmE mucinases are NON-TOXIC to cells at the nanomolar working doses used for surface de-mucination (Chongsaritsinsuk 2023 explicitly demonstrates StcE non-toxicity; Pedram 2023 notes low toxicity of nM mucinase treatment). De-risks the off-target axis for a co-conjugated mucinase relative to systemic small-molecule GC editors. Added TL-40 2026-07-04."
pegph20_phase3_HALO301_OS_hazard_ratio,0.80,1.00,1.27,ratio,HIGH,"JCO.20.00590 (Ramanathan 2019 HALO 109-301 Phase III, N=492 hyaluronan-high metastatic PDA)","MEASURED clinical outcome: PEGPH20 (pegvorhyaluronidase alfa) + nab-paclitaxel/gemcitabine vs placebo+AG in hyaluronan-high metastatic pancreatic cancer. Median OS 11.2 vs 11.5 months, HR 1.00 (95% CI 0.80-1.27, P=.97) — NO OS or PFS benefit despite increased ORR; increased grade>=3 AEs (fatigue 16 vs 10%, muscle spasms 6.5 vs 0.6%) and thromboembolic events. CRITICAL RE-FRAMING (TL-40): the Glycocalyx-Reality-Check §4 cited PEGPH20's earlier 84%-IFP-reduction preclinical data as 'clinical precedent / strongest option for HA-high tumours'. The Phase III trial FAILED. Systemic PEGPH20 is NOT a validated survival-improving therapy; its precedent is that a glycocalyx-degrading enzyme can be dosed clinically and reaches tumour, NOT that it improves outcomes. This SUPPORTS the tethered-local-enzyme argument (Park 2024) over systemic dosing. Added TL-40 2026-07-04."
glycocalyx_thickness_cross_celltype_range_nm,138,200,235,nm,HIGH,"Mockl 2020 Dev Cell (super-resolution GalNAz/Sia labelling; tubule widths across MCF7/BT-20/SKBR3/primary ovarian tumour)","MEASURED super-resolution glycocalyx heights across multiple cancer cell types + primary human tumours (Mockl 2020, 10-30 nm precision). Sia-labelled tubule widths 186-235 nm vs GalNAz 138-212 nm; primary ovarian tumour Patient-213 235+/-8 nm (Sia) vs 151+/-10 nm (GalNAz), p<0.0005. CONFIRMS wide cross-cell-type GC-thickness heterogeneity and that primary tumours sit WELL ABOVE MCK's ~60 nm envelope — independent corroboration (beyond Park's ZR-75-1/SKOV3) that thick-GC is common and Tier B is not a rare edge case. Anchors the GC-distribution premise of the two/three-tier framing. Added TL-40 2026-07-04."
muc1_ectodomain_projection_nm,80,150,200,nm,HIGH,"Paszek 2014 Nature (glycopolymer-mimetic + MUC1 ectodomain); Shurer 2019 Cell (Muc1-42TR contour ~270 nm, persistence 7.5 nm)","MEASURED MUC1 ectodomain projection: Paszek 2014 reports MUC1 projects up to ~200 nm from the membrane (vs integrin ~20 nm), with 80-nm glycopolymer mimetics excluding integrins while 3/30-nm ones do not; Shurer 2019 measures Muc1-42TR contour length ~270 nm and persistence length ~7.5 nm (brush regime). Validates the brush-physics premise (Alexander-de Gennes, TL-39) AND explains why MUC1-high lines (MDA-MB-231, ZR-75-1) are steric-hard. Added TL-40 2026-07-04."
nk_tcell_synapse_force_bfp_pN,10,50,200,pN,HIGH,"Husson 2011 PLoS ONE (BFP T-cell synapse push/pull 25-75 pN modal, peaks 422-1000 pN); Friedman 2021 J Cell Sci (NK traction-force microscopy)","MEASURED cytotoxic-lymphocyte synapse force (independent of Basu 2016). Husson 2011 biomembrane-force-probe: TCR-engagement push/pull forces cluster at 25-75 pN (modal 50 pN) with transient peaks to ~0.4-1 nN; Friedman 2021 uses NK traction-force microscopy + AFM on stiffness-varied substrates confirming NK force scales with target stiffness. Corroborates the 10-100 pN force input to the Alexander-de Gennes brush-compression law (nk_synapse_retraction_force_pN, TL-39) from a second lab/method. Added TL-40 2026-07-04."
reach_extender_bonus_rigid_stalk_nm,15,30,45,nm,ESTIMATED,"Rigid alpha-helical stalk contour ~0.15 nm/residue; rigid rod reaches full contour vs flexible PEG mushroom 1.5-2x R_F (A1)","ESTIMATED additional NK-side steric reach from replacing/extending the flexible PEG spacer with a semi-rigid alpha-helical stalk of comparable mass. A rigid rod extends to its full contour length rather than a Flory coil (~1.5-2x R_F), gaining ~15-45 nm reach-per-dalton. Fed into the comparative-adjunct driver as reach_bonus_nm=30 (notebooks/figures/comparative_adjunct_driver.py, TL-40). COMPUTATIONAL FINDING: alone gives 4.4% steric feasibility (vs 1.1% StcE, 0% naive); combined with StcE mucinase gives 17.9% steric / 6.5% joint — the single best combination in the sweep. NOT built or measured for MCK; SPECULATIVE-to-ESTIMATED geometric fix. Added TL-40 2026-07-04."
reach_extender_bonus_XTEN_nm,10,20,30,nm,ESTIMATED,"XTEN unstructured-polypeptide hydrodynamic radius scaling (~4-8 nm/kDa); half-life-extension literature","ESTIMATED additional NK-side reach from an XTEN unstructured-polypeptide spacer (also mitigates anti-PEG immunity, L3). Fed as reach_bonus_nm=20 in the comparative driver. COMPUTATIONAL FINDING: alone 1.1% steric; combined with StcE mucinase 6.5% steric / 2.25% joint. Dual benefit (reach + anti-PEG). NOT built for MCK. Added TL-40 2026-07-04."
comparative_adjunct_top_combo_steric_joint,NA,NA,NA,fraction,MODEL-PREDICTED,"notebooks/figures/comparative_adjunct_driver.py (force-compressed A1 LHS, N=800-2000, TL-40); results/comparative_adjunct_grid_20260704.json","MODEL-PREDICTED headline of the comparative analysis (docs/MCK_Comparative_Adjunct_Analysis.md). Force-compressed A1 steric-feasibility / joint-viability by option: naive 0%/0%; StcE mucinase 1.1%/0.75%; multi-enzyme coc